clip_id,model,stem,start_sec,end_sec,source_path,output_path
500_miles_42_50,mix,mixture,42.0,50.0,/private/MusicSep/transsion/test_transsion/country/500 Miles - Inside Llewyn Davis [HAZJAzCshN4]m4a.wav,/private/users/baowenxin/compare/500_miles_42_50/00_mix.wav
500_miles_42_50,ours,vocals,42.0,50.0,/private/users/baowenxin/restore/conformer/transsion999/country/500 Miles - Inside Llewyn Davis [HAZJAzCshN4]m4a/vocals.wav,/private/users/baowenxin/compare/500_miles_42_50/01_ours_vocals.wav
500_miles_42_50,ours,acc,42.0,50.0,/private/users/baowenxin/restore/conformer/transsion999/country/500 Miles - Inside Llewyn Davis [HAZJAzCshN4]m4a/acc.wav,/private/users/baowenxin/compare/500_miles_42_50/01_ours_acc.wav
500_miles_42_50,Apollo,vocals,42.0,50.0,/private/users/baowenxin/流式/transsion_outputs/Apollo/country/500 Miles - Inside Llewyn Davis [HAZJAzCshN4]m4a/vocals.wav,/private/users/baowenxin/compare/500_miles_42_50/Apollo_vocals.wav
500_miles_42_50,Apollo,acc,42.0,50.0,/private/users/baowenxin/流式/transsion_outputs/Apollo/country/500 Miles - Inside Llewyn Davis [HAZJAzCshN4]m4a/acc.wav,/private/users/baowenxin/compare/500_miles_42_50/Apollo_acc.wav
500_miles_42_50,BandIt_BSRNN,vocals,42.0,50.0,/private/users/baowenxin/流式/transsion_outputs/BandIt_BSRNN/country/500 Miles - Inside Llewyn Davis [HAZJAzCshN4]m4a/vocals.wav,/private/users/baowenxin/compare/500_miles_42_50/BandIt_BSRNN_vocals.wav
500_miles_42_50,BandIt_BSRNN,acc,42.0,50.0,/private/users/baowenxin/流式/transsion_outputs/BandIt_BSRNN/country/500 Miles - Inside Llewyn Davis [HAZJAzCshN4]m4a/acc.wav,/private/users/baowenxin/compare/500_miles_42_50/BandIt_BSRNN_acc.wav
500_miles_42_50,demucs,vocals,42.0,50.0,/private/users/baowenxin/流式/transsion_outputs/demucs/country/500 Miles - Inside Llewyn Davis [HAZJAzCshN4]m4a/vocals.wav,/private/users/baowenxin/compare/500_miles_42_50/demucs_vocals.wav
500_miles_42_50,demucs,acc,42.0,50.0,/private/users/baowenxin/流式/transsion_outputs/demucs/country/500 Miles - Inside Llewyn Davis [HAZJAzCshN4]m4a/acc.wav,/private/users/baowenxin/compare/500_miles_42_50/demucs_acc.wav
500_miles_42_50,DTTNet,vocals,42.0,50.0,/private/users/baowenxin/流式/transsion_outputs/DTTNet/country/500 Miles - Inside Llewyn Davis [HAZJAzCshN4]m4a/vocals.wav,/private/users/baowenxin/compare/500_miles_42_50/DTTNet_vocals.wav
500_miles_42_50,DTTNet,acc,42.0,50.0,/private/users/baowenxin/流式/transsion_outputs/DTTNet/country/500 Miles - Inside Llewyn Davis [HAZJAzCshN4]m4a/acc.wav,/private/users/baowenxin/compare/500_miles_42_50/DTTNet_acc.wav
500_miles_42_50,MDX23C_TFC_TDF_UNet,vocals,42.0,50.0,/private/users/baowenxin/流式/transsion_outputs/MDX23C_TFC_TDF_UNet/country/500 Miles - Inside Llewyn Davis [HAZJAzCshN4]m4a/vocals.wav,/private/users/baowenxin/compare/500_miles_42_50/MDX23C_TFC_TDF_UNet_vocals.wav
500_miles_42_50,MDX23C_TFC_TDF_UNet,acc,42.0,50.0,/private/users/baowenxin/流式/transsion_outputs/MDX23C_TFC_TDF_UNet/country/500 Miles - Inside Llewyn Davis [HAZJAzCshN4]m4a/acc.wav,/private/users/baowenxin/compare/500_miles_42_50/MDX23C_TFC_TDF_UNet_acc.wav
500_miles_42_50,SCNet,vocals,42.0,50.0,/private/users/baowenxin/流式/transsion_outputs/SCNet/country/500 Miles - Inside Llewyn Davis [HAZJAzCshN4]m4a/vocals.wav,/private/users/baowenxin/compare/500_miles_42_50/SCNet_vocals.wav
500_miles_42_50,SCNet,acc,42.0,50.0,/private/users/baowenxin/流式/transsion_outputs/SCNet/country/500 Miles - Inside Llewyn Davis [HAZJAzCshN4]m4a/acc.wav,/private/users/baowenxin/compare/500_miles_42_50/SCNet_acc.wav
500_miles_42_50,streaming_Apollo,vocals,42.0,50.0,/private/users/baowenxin/流式/transsion_outputs/streaming_Apollo/country/500 Miles - Inside Llewyn Davis [HAZJAzCshN4]m4a/vocals.wav,/private/users/baowenxin/compare/500_miles_42_50/streaming_Apollo_vocals.wav
500_miles_42_50,streaming_Apollo,acc,42.0,50.0,/private/users/baowenxin/流式/transsion_outputs/streaming_Apollo/country/500 Miles - Inside Llewyn Davis [HAZJAzCshN4]m4a/acc.wav,/private/users/baowenxin/compare/500_miles_42_50/streaming_Apollo_acc.wav
500_miles_42_50,streaming_BandIt_BSRNN,vocals,42.0,50.0,/private/users/baowenxin/流式/transsion_outputs/streaming_BandIt_BSRNN/country/500 Miles - Inside Llewyn Davis [HAZJAzCshN4]m4a/vocals.wav,/private/users/baowenxin/compare/500_miles_42_50/streaming_BandIt_BSRNN_vocals.wav
500_miles_42_50,streaming_BandIt_BSRNN,acc,42.0,50.0,/private/users/baowenxin/流式/transsion_outputs/streaming_BandIt_BSRNN/country/500 Miles - Inside Llewyn Davis [HAZJAzCshN4]m4a/acc.wav,/private/users/baowenxin/compare/500_miles_42_50/streaming_BandIt_BSRNN_acc.wav
500_miles_42_50,streaming_demucs,vocals,42.0,50.0,/private/users/baowenxin/流式/transsion_outputs/streaming_demucs/country/500 Miles - Inside Llewyn Davis [HAZJAzCshN4]m4a/vocals.wav,/private/users/baowenxin/compare/500_miles_42_50/streaming_demucs_vocals.wav
500_miles_42_50,streaming_demucs,acc,42.0,50.0,/private/users/baowenxin/流式/transsion_outputs/streaming_demucs/country/500 Miles - Inside Llewyn Davis [HAZJAzCshN4]m4a/acc.wav,/private/users/baowenxin/compare/500_miles_42_50/streaming_demucs_acc.wav
500_miles_42_50,streaming_DTTNet,vocals,42.0,50.0,/private/users/baowenxin/流式/transsion_outputs/streaming_DTTNet/country/500 Miles - Inside Llewyn Davis [HAZJAzCshN4]m4a/vocals.wav,/private/users/baowenxin/compare/500_miles_42_50/streaming_DTTNet_vocals.wav
500_miles_42_50,streaming_DTTNet,acc,42.0,50.0,/private/users/baowenxin/流式/transsion_outputs/streaming_DTTNet/country/500 Miles - Inside Llewyn Davis [HAZJAzCshN4]m4a/acc.wav,/private/users/baowenxin/compare/500_miles_42_50/streaming_DTTNet_acc.wav
500_miles_42_50,streaming_MDX23C_TFC_TDF_UNet,vocals,42.0,50.0,/private/users/baowenxin/流式/transsion_outputs/streaming_MDX23C_TFC_TDF_UNet/country/500 Miles - Inside Llewyn Davis [HAZJAzCshN4]m4a/vocals.wav,/private/users/baowenxin/compare/500_miles_42_50/streaming_MDX23C_TFC_TDF_UNet_vocals.wav
500_miles_42_50,streaming_MDX23C_TFC_TDF_UNet,acc,42.0,50.0,/private/users/baowenxin/流式/transsion_outputs/streaming_MDX23C_TFC_TDF_UNet/country/500 Miles - Inside Llewyn Davis [HAZJAzCshN4]m4a/acc.wav,/private/users/baowenxin/compare/500_miles_42_50/streaming_MDX23C_TFC_TDF_UNet_acc.wav
500_miles_42_50,streaming_SCNet,vocals,42.0,50.0,/private/users/baowenxin/流式/transsion_outputs/streaming_SCNet/country/500 Miles - Inside Llewyn Davis [HAZJAzCshN4]m4a/vocals.wav,/private/users/baowenxin/compare/500_miles_42_50/streaming_SCNet_vocals.wav
500_miles_42_50,streaming_SCNet,acc,42.0,50.0,/private/users/baowenxin/流式/transsion_outputs/streaming_SCNet/country/500 Miles - Inside Llewyn Davis [HAZJAzCshN4]m4a/acc.wav,/private/users/baowenxin/compare/500_miles_42_50/streaming_SCNet_acc.wav
500_miles_90_100,mix,mixture,90.0,100.0,/private/MusicSep/transsion/test_transsion/country/500 Miles - Inside Llewyn Davis [HAZJAzCshN4]m4a.wav,/private/users/baowenxin/compare/500_miles_90_100/00_mix.wav
500_miles_90_100,ours,vocals,90.0,100.0,/private/users/baowenxin/restore/conformer/transsion999/country/500 Miles - Inside Llewyn Davis [HAZJAzCshN4]m4a/vocals.wav,/private/users/baowenxin/compare/500_miles_90_100/01_ours_vocals.wav
500_miles_90_100,ours,acc,90.0,100.0,/private/users/baowenxin/restore/conformer/transsion999/country/500 Miles - Inside Llewyn Davis [HAZJAzCshN4]m4a/acc.wav,/private/users/baowenxin/compare/500_miles_90_100/01_ours_acc.wav
500_miles_90_100,Apollo,vocals,90.0,100.0,/private/users/baowenxin/流式/transsion_outputs/Apollo/country/500 Miles - Inside Llewyn Davis [HAZJAzCshN4]m4a/vocals.wav,/private/users/baowenxin/compare/500_miles_90_100/Apollo_vocals.wav
500_miles_90_100,Apollo,acc,90.0,100.0,/private/users/baowenxin/流式/transsion_outputs/Apollo/country/500 Miles - Inside Llewyn Davis [HAZJAzCshN4]m4a/acc.wav,/private/users/baowenxin/compare/500_miles_90_100/Apollo_acc.wav
500_miles_90_100,BandIt_BSRNN,vocals,90.0,100.0,/private/users/baowenxin/流式/transsion_outputs/BandIt_BSRNN/country/500 Miles - Inside Llewyn Davis [HAZJAzCshN4]m4a/vocals.wav,/private/users/baowenxin/compare/500_miles_90_100/BandIt_BSRNN_vocals.wav
500_miles_90_100,BandIt_BSRNN,acc,90.0,100.0,/private/users/baowenxin/流式/transsion_outputs/BandIt_BSRNN/country/500 Miles - Inside Llewyn Davis [HAZJAzCshN4]m4a/acc.wav,/private/users/baowenxin/compare/500_miles_90_100/BandIt_BSRNN_acc.wav
500_miles_90_100,demucs,vocals,90.0,100.0,/private/users/baowenxin/流式/transsion_outputs/demucs/country/500 Miles - Inside Llewyn Davis [HAZJAzCshN4]m4a/vocals.wav,/private/users/baowenxin/compare/500_miles_90_100/demucs_vocals.wav
500_miles_90_100,demucs,acc,90.0,100.0,/private/users/baowenxin/流式/transsion_outputs/demucs/country/500 Miles - Inside Llewyn Davis [HAZJAzCshN4]m4a/acc.wav,/private/users/baowenxin/compare/500_miles_90_100/demucs_acc.wav
500_miles_90_100,DTTNet,vocals,90.0,100.0,/private/users/baowenxin/流式/transsion_outputs/DTTNet/country/500 Miles - Inside Llewyn Davis [HAZJAzCshN4]m4a/vocals.wav,/private/users/baowenxin/compare/500_miles_90_100/DTTNet_vocals.wav
500_miles_90_100,DTTNet,acc,90.0,100.0,/private/users/baowenxin/流式/transsion_outputs/DTTNet/country/500 Miles - Inside Llewyn Davis [HAZJAzCshN4]m4a/acc.wav,/private/users/baowenxin/compare/500_miles_90_100/DTTNet_acc.wav
500_miles_90_100,MDX23C_TFC_TDF_UNet,vocals,90.0,100.0,/private/users/baowenxin/流式/transsion_outputs/MDX23C_TFC_TDF_UNet/country/500 Miles - Inside Llewyn Davis [HAZJAzCshN4]m4a/vocals.wav,/private/users/baowenxin/compare/500_miles_90_100/MDX23C_TFC_TDF_UNet_vocals.wav
500_miles_90_100,MDX23C_TFC_TDF_UNet,acc,90.0,100.0,/private/users/baowenxin/流式/transsion_outputs/MDX23C_TFC_TDF_UNet/country/500 Miles - Inside Llewyn Davis [HAZJAzCshN4]m4a/acc.wav,/private/users/baowenxin/compare/500_miles_90_100/MDX23C_TFC_TDF_UNet_acc.wav
500_miles_90_100,SCNet,vocals,90.0,100.0,/private/users/baowenxin/流式/transsion_outputs/SCNet/country/500 Miles - Inside Llewyn Davis [HAZJAzCshN4]m4a/vocals.wav,/private/users/baowenxin/compare/500_miles_90_100/SCNet_vocals.wav
500_miles_90_100,SCNet,acc,90.0,100.0,/private/users/baowenxin/流式/transsion_outputs/SCNet/country/500 Miles - Inside Llewyn Davis [HAZJAzCshN4]m4a/acc.wav,/private/users/baowenxin/compare/500_miles_90_100/SCNet_acc.wav
500_miles_90_100,streaming_Apollo,vocals,90.0,100.0,/private/users/baowenxin/流式/transsion_outputs/streaming_Apollo/country/500 Miles - Inside Llewyn Davis [HAZJAzCshN4]m4a/vocals.wav,/private/users/baowenxin/compare/500_miles_90_100/streaming_Apollo_vocals.wav
500_miles_90_100,streaming_Apollo,acc,90.0,100.0,/private/users/baowenxin/流式/transsion_outputs/streaming_Apollo/country/500 Miles - Inside Llewyn Davis [HAZJAzCshN4]m4a/acc.wav,/private/users/baowenxin/compare/500_miles_90_100/streaming_Apollo_acc.wav
500_miles_90_100,streaming_BandIt_BSRNN,vocals,90.0,100.0,/private/users/baowenxin/流式/transsion_outputs/streaming_BandIt_BSRNN/country/500 Miles - Inside Llewyn Davis [HAZJAzCshN4]m4a/vocals.wav,/private/users/baowenxin/compare/500_miles_90_100/streaming_BandIt_BSRNN_vocals.wav
500_miles_90_100,streaming_BandIt_BSRNN,acc,90.0,100.0,/private/users/baowenxin/流式/transsion_outputs/streaming_BandIt_BSRNN/country/500 Miles - Inside Llewyn Davis [HAZJAzCshN4]m4a/acc.wav,/private/users/baowenxin/compare/500_miles_90_100/streaming_BandIt_BSRNN_acc.wav
500_miles_90_100,streaming_demucs,vocals,90.0,100.0,/private/users/baowenxin/流式/transsion_outputs/streaming_demucs/country/500 Miles - Inside Llewyn Davis [HAZJAzCshN4]m4a/vocals.wav,/private/users/baowenxin/compare/500_miles_90_100/streaming_demucs_vocals.wav
500_miles_90_100,streaming_demucs,acc,90.0,100.0,/private/users/baowenxin/流式/transsion_outputs/streaming_demucs/country/500 Miles - Inside Llewyn Davis [HAZJAzCshN4]m4a/acc.wav,/private/users/baowenxin/compare/500_miles_90_100/streaming_demucs_acc.wav
500_miles_90_100,streaming_DTTNet,vocals,90.0,100.0,/private/users/baowenxin/流式/transsion_outputs/streaming_DTTNet/country/500 Miles - Inside Llewyn Davis [HAZJAzCshN4]m4a/vocals.wav,/private/users/baowenxin/compare/500_miles_90_100/streaming_DTTNet_vocals.wav
500_miles_90_100,streaming_DTTNet,acc,90.0,100.0,/private/users/baowenxin/流式/transsion_outputs/streaming_DTTNet/country/500 Miles - Inside Llewyn Davis [HAZJAzCshN4]m4a/acc.wav,/private/users/baowenxin/compare/500_miles_90_100/streaming_DTTNet_acc.wav
500_miles_90_100,streaming_MDX23C_TFC_TDF_UNet,vocals,90.0,100.0,/private/users/baowenxin/流式/transsion_outputs/streaming_MDX23C_TFC_TDF_UNet/country/500 Miles - Inside Llewyn Davis [HAZJAzCshN4]m4a/vocals.wav,/private/users/baowenxin/compare/500_miles_90_100/streaming_MDX23C_TFC_TDF_UNet_vocals.wav
500_miles_90_100,streaming_MDX23C_TFC_TDF_UNet,acc,90.0,100.0,/private/users/baowenxin/流式/transsion_outputs/streaming_MDX23C_TFC_TDF_UNet/country/500 Miles - Inside Llewyn Davis [HAZJAzCshN4]m4a/acc.wav,/private/users/baowenxin/compare/500_miles_90_100/streaming_MDX23C_TFC_TDF_UNet_acc.wav
500_miles_90_100,streaming_SCNet,vocals,90.0,100.0,/private/users/baowenxin/流式/transsion_outputs/streaming_SCNet/country/500 Miles - Inside Llewyn Davis [HAZJAzCshN4]m4a/vocals.wav,/private/users/baowenxin/compare/500_miles_90_100/streaming_SCNet_vocals.wav
500_miles_90_100,streaming_SCNet,acc,90.0,100.0,/private/users/baowenxin/流式/transsion_outputs/streaming_SCNet/country/500 Miles - Inside Llewyn Davis [HAZJAzCshN4]m4a/acc.wav,/private/users/baowenxin/compare/500_miles_90_100/streaming_SCNet_acc.wav
whitney_70_76p5,mix,mixture,70.0,76.5,/private/MusicSep/transsion/test_transsion/R&B/Whitney Houston - I Will Always Love You (Lyrics) [-aZXKvm32JI]m4a.wav,/private/users/baowenxin/compare/whitney_70_76p5/00_mix.wav
whitney_70_76p5,ours,vocals,70.0,76.5,/private/users/baowenxin/restore/conformer/transsion999/R&B/Whitney Houston - I Will Always Love You (Lyrics) [-aZXKvm32JI]m4a/vocals.wav,/private/users/baowenxin/compare/whitney_70_76p5/01_ours_vocals.wav
whitney_70_76p5,ours,acc,70.0,76.5,/private/users/baowenxin/restore/conformer/transsion999/R&B/Whitney Houston - I Will Always Love You (Lyrics) [-aZXKvm32JI]m4a/acc.wav,/private/users/baowenxin/compare/whitney_70_76p5/01_ours_acc.wav
whitney_70_76p5,Apollo,vocals,70.0,76.5,/private/users/baowenxin/流式/transsion_outputs/Apollo/R&B/Whitney Houston - I Will Always Love You (Lyrics) [-aZXKvm32JI]m4a/vocals.wav,/private/users/baowenxin/compare/whitney_70_76p5/Apollo_vocals.wav
whitney_70_76p5,Apollo,acc,70.0,76.5,/private/users/baowenxin/流式/transsion_outputs/Apollo/R&B/Whitney Houston - I Will Always Love You (Lyrics) [-aZXKvm32JI]m4a/acc.wav,/private/users/baowenxin/compare/whitney_70_76p5/Apollo_acc.wav
whitney_70_76p5,BandIt_BSRNN,vocals,70.0,76.5,/private/users/baowenxin/流式/transsion_outputs/BandIt_BSRNN/R&B/Whitney Houston - I Will Always Love You (Lyrics) [-aZXKvm32JI]m4a/vocals.wav,/private/users/baowenxin/compare/whitney_70_76p5/BandIt_BSRNN_vocals.wav
whitney_70_76p5,BandIt_BSRNN,acc,70.0,76.5,/private/users/baowenxin/流式/transsion_outputs/BandIt_BSRNN/R&B/Whitney Houston - I Will Always Love You (Lyrics) [-aZXKvm32JI]m4a/acc.wav,/private/users/baowenxin/compare/whitney_70_76p5/BandIt_BSRNN_acc.wav
whitney_70_76p5,demucs,vocals,70.0,76.5,/private/users/baowenxin/流式/transsion_outputs/demucs/R&B/Whitney Houston - I Will Always Love You (Lyrics) [-aZXKvm32JI]m4a/vocals.wav,/private/users/baowenxin/compare/whitney_70_76p5/demucs_vocals.wav
whitney_70_76p5,demucs,acc,70.0,76.5,/private/users/baowenxin/流式/transsion_outputs/demucs/R&B/Whitney Houston - I Will Always Love You (Lyrics) [-aZXKvm32JI]m4a/acc.wav,/private/users/baowenxin/compare/whitney_70_76p5/demucs_acc.wav
whitney_70_76p5,DTTNet,vocals,70.0,76.5,/private/users/baowenxin/流式/transsion_outputs/DTTNet/R&B/Whitney Houston - I Will Always Love You (Lyrics) [-aZXKvm32JI]m4a/vocals.wav,/private/users/baowenxin/compare/whitney_70_76p5/DTTNet_vocals.wav
whitney_70_76p5,DTTNet,acc,70.0,76.5,/private/users/baowenxin/流式/transsion_outputs/DTTNet/R&B/Whitney Houston - I Will Always Love You (Lyrics) [-aZXKvm32JI]m4a/acc.wav,/private/users/baowenxin/compare/whitney_70_76p5/DTTNet_acc.wav
whitney_70_76p5,MDX23C_TFC_TDF_UNet,vocals,70.0,76.5,/private/users/baowenxin/流式/transsion_outputs/MDX23C_TFC_TDF_UNet/R&B/Whitney Houston - I Will Always Love You (Lyrics) [-aZXKvm32JI]m4a/vocals.wav,/private/users/baowenxin/compare/whitney_70_76p5/MDX23C_TFC_TDF_UNet_vocals.wav
whitney_70_76p5,MDX23C_TFC_TDF_UNet,acc,70.0,76.5,/private/users/baowenxin/流式/transsion_outputs/MDX23C_TFC_TDF_UNet/R&B/Whitney Houston - I Will Always Love You (Lyrics) [-aZXKvm32JI]m4a/acc.wav,/private/users/baowenxin/compare/whitney_70_76p5/MDX23C_TFC_TDF_UNet_acc.wav
whitney_70_76p5,SCNet,vocals,70.0,76.5,/private/users/baowenxin/流式/transsion_outputs/SCNet/R&B/Whitney Houston - I Will Always Love You (Lyrics) [-aZXKvm32JI]m4a/vocals.wav,/private/users/baowenxin/compare/whitney_70_76p5/SCNet_vocals.wav
whitney_70_76p5,SCNet,acc,70.0,76.5,/private/users/baowenxin/流式/transsion_outputs/SCNet/R&B/Whitney Houston - I Will Always Love You (Lyrics) [-aZXKvm32JI]m4a/acc.wav,/private/users/baowenxin/compare/whitney_70_76p5/SCNet_acc.wav
whitney_70_76p5,streaming_Apollo,vocals,70.0,76.5,/private/users/baowenxin/流式/transsion_outputs/streaming_Apollo/R&B/Whitney Houston - I Will Always Love You (Lyrics) [-aZXKvm32JI]m4a/vocals.wav,/private/users/baowenxin/compare/whitney_70_76p5/streaming_Apollo_vocals.wav
whitney_70_76p5,streaming_Apollo,acc,70.0,76.5,/private/users/baowenxin/流式/transsion_outputs/streaming_Apollo/R&B/Whitney Houston - I Will Always Love You (Lyrics) [-aZXKvm32JI]m4a/acc.wav,/private/users/baowenxin/compare/whitney_70_76p5/streaming_Apollo_acc.wav
whitney_70_76p5,streaming_BandIt_BSRNN,vocals,70.0,76.5,/private/users/baowenxin/流式/transsion_outputs/streaming_BandIt_BSRNN/R&B/Whitney Houston - I Will Always Love You (Lyrics) [-aZXKvm32JI]m4a/vocals.wav,/private/users/baowenxin/compare/whitney_70_76p5/streaming_BandIt_BSRNN_vocals.wav
whitney_70_76p5,streaming_BandIt_BSRNN,acc,70.0,76.5,/private/users/baowenxin/流式/transsion_outputs/streaming_BandIt_BSRNN/R&B/Whitney Houston - I Will Always Love You (Lyrics) [-aZXKvm32JI]m4a/acc.wav,/private/users/baowenxin/compare/whitney_70_76p5/streaming_BandIt_BSRNN_acc.wav
whitney_70_76p5,streaming_demucs,vocals,70.0,76.5,/private/users/baowenxin/流式/transsion_outputs/streaming_demucs/R&B/Whitney Houston - I Will Always Love You (Lyrics) [-aZXKvm32JI]m4a/vocals.wav,/private/users/baowenxin/compare/whitney_70_76p5/streaming_demucs_vocals.wav
whitney_70_76p5,streaming_demucs,acc,70.0,76.5,/private/users/baowenxin/流式/transsion_outputs/streaming_demucs/R&B/Whitney Houston - I Will Always Love You (Lyrics) [-aZXKvm32JI]m4a/acc.wav,/private/users/baowenxin/compare/whitney_70_76p5/streaming_demucs_acc.wav
whitney_70_76p5,streaming_DTTNet,vocals,70.0,76.5,/private/users/baowenxin/流式/transsion_outputs/streaming_DTTNet/R&B/Whitney Houston - I Will Always Love You (Lyrics) [-aZXKvm32JI]m4a/vocals.wav,/private/users/baowenxin/compare/whitney_70_76p5/streaming_DTTNet_vocals.wav
whitney_70_76p5,streaming_DTTNet,acc,70.0,76.5,/private/users/baowenxin/流式/transsion_outputs/streaming_DTTNet/R&B/Whitney Houston - I Will Always Love You (Lyrics) [-aZXKvm32JI]m4a/acc.wav,/private/users/baowenxin/compare/whitney_70_76p5/streaming_DTTNet_acc.wav
whitney_70_76p5,streaming_MDX23C_TFC_TDF_UNet,vocals,70.0,76.5,/private/users/baowenxin/流式/transsion_outputs/streaming_MDX23C_TFC_TDF_UNet/R&B/Whitney Houston - I Will Always Love You (Lyrics) [-aZXKvm32JI]m4a/vocals.wav,/private/users/baowenxin/compare/whitney_70_76p5/streaming_MDX23C_TFC_TDF_UNet_vocals.wav
whitney_70_76p5,streaming_MDX23C_TFC_TDF_UNet,acc,70.0,76.5,/private/users/baowenxin/流式/transsion_outputs/streaming_MDX23C_TFC_TDF_UNet/R&B/Whitney Houston - I Will Always Love You (Lyrics) [-aZXKvm32JI]m4a/acc.wav,/private/users/baowenxin/compare/whitney_70_76p5/streaming_MDX23C_TFC_TDF_UNet_acc.wav
whitney_70_76p5,streaming_SCNet,vocals,70.0,76.5,/private/users/baowenxin/流式/transsion_outputs/streaming_SCNet/R&B/Whitney Houston - I Will Always Love You (Lyrics) [-aZXKvm32JI]m4a/vocals.wav,/private/users/baowenxin/compare/whitney_70_76p5/streaming_SCNet_vocals.wav
whitney_70_76p5,streaming_SCNet,acc,70.0,76.5,/private/users/baowenxin/流式/transsion_outputs/streaming_SCNet/R&B/Whitney Houston - I Will Always Love You (Lyrics) [-aZXKvm32JI]m4a/acc.wav,/private/users/baowenxin/compare/whitney_70_76p5/streaming_SCNet_acc.wav
malaika_27_35,mix,mixture,27.0,35.0,/private/MusicSep/transsion/test_transsion/肯尼亚/Nyashinski - Malaika (Official Music Video) [CaQKtZQCLBY]m4a.wav,/private/users/baowenxin/compare/malaika_27_35/00_mix.wav
malaika_27_35,ours,vocals,27.0,35.0,/private/users/baowenxin/restore/conformer/transsion999/肯尼亚/Nyashinski - Malaika (Official Music Video) [CaQKtZQCLBY]m4a/vocals.wav,/private/users/baowenxin/compare/malaika_27_35/01_ours_vocals.wav
malaika_27_35,ours,acc,27.0,35.0,/private/users/baowenxin/restore/conformer/transsion999/肯尼亚/Nyashinski - Malaika (Official Music Video) [CaQKtZQCLBY]m4a/acc.wav,/private/users/baowenxin/compare/malaika_27_35/01_ours_acc.wav
malaika_27_35,Apollo,vocals,27.0,35.0,/private/users/baowenxin/流式/transsion_outputs/Apollo/肯尼亚/Nyashinski - Malaika (Official Music Video) [CaQKtZQCLBY]m4a/vocals.wav,/private/users/baowenxin/compare/malaika_27_35/Apollo_vocals.wav
malaika_27_35,Apollo,acc,27.0,35.0,/private/users/baowenxin/流式/transsion_outputs/Apollo/肯尼亚/Nyashinski - Malaika (Official Music Video) [CaQKtZQCLBY]m4a/acc.wav,/private/users/baowenxin/compare/malaika_27_35/Apollo_acc.wav
malaika_27_35,BandIt_BSRNN,vocals,27.0,35.0,/private/users/baowenxin/流式/transsion_outputs/BandIt_BSRNN/肯尼亚/Nyashinski - Malaika (Official Music Video) [CaQKtZQCLBY]m4a/vocals.wav,/private/users/baowenxin/compare/malaika_27_35/BandIt_BSRNN_vocals.wav
malaika_27_35,BandIt_BSRNN,acc,27.0,35.0,/private/users/baowenxin/流式/transsion_outputs/BandIt_BSRNN/肯尼亚/Nyashinski - Malaika (Official Music Video) [CaQKtZQCLBY]m4a/acc.wav,/private/users/baowenxin/compare/malaika_27_35/BandIt_BSRNN_acc.wav
malaika_27_35,demucs,vocals,27.0,35.0,/private/users/baowenxin/流式/transsion_outputs/demucs/肯尼亚/Nyashinski - Malaika (Official Music Video) [CaQKtZQCLBY]m4a/vocals.wav,/private/users/baowenxin/compare/malaika_27_35/demucs_vocals.wav
malaika_27_35,demucs,acc,27.0,35.0,/private/users/baowenxin/流式/transsion_outputs/demucs/肯尼亚/Nyashinski - Malaika (Official Music Video) [CaQKtZQCLBY]m4a/acc.wav,/private/users/baowenxin/compare/malaika_27_35/demucs_acc.wav
malaika_27_35,DTTNet,vocals,27.0,35.0,/private/users/baowenxin/流式/transsion_outputs/DTTNet/肯尼亚/Nyashinski - Malaika (Official Music Video) [CaQKtZQCLBY]m4a/vocals.wav,/private/users/baowenxin/compare/malaika_27_35/DTTNet_vocals.wav
malaika_27_35,DTTNet,acc,27.0,35.0,/private/users/baowenxin/流式/transsion_outputs/DTTNet/肯尼亚/Nyashinski - Malaika (Official Music Video) [CaQKtZQCLBY]m4a/acc.wav,/private/users/baowenxin/compare/malaika_27_35/DTTNet_acc.wav
malaika_27_35,MDX23C_TFC_TDF_UNet,vocals,27.0,35.0,/private/users/baowenxin/流式/transsion_outputs/MDX23C_TFC_TDF_UNet/肯尼亚/Nyashinski - Malaika (Official Music Video) [CaQKtZQCLBY]m4a/vocals.wav,/private/users/baowenxin/compare/malaika_27_35/MDX23C_TFC_TDF_UNet_vocals.wav
malaika_27_35,MDX23C_TFC_TDF_UNet,acc,27.0,35.0,/private/users/baowenxin/流式/transsion_outputs/MDX23C_TFC_TDF_UNet/肯尼亚/Nyashinski - Malaika (Official Music Video) [CaQKtZQCLBY]m4a/acc.wav,/private/users/baowenxin/compare/malaika_27_35/MDX23C_TFC_TDF_UNet_acc.wav
malaika_27_35,SCNet,vocals,27.0,35.0,/private/users/baowenxin/流式/transsion_outputs/SCNet/肯尼亚/Nyashinski - Malaika (Official Music Video) [CaQKtZQCLBY]m4a/vocals.wav,/private/users/baowenxin/compare/malaika_27_35/SCNet_vocals.wav
malaika_27_35,SCNet,acc,27.0,35.0,/private/users/baowenxin/流式/transsion_outputs/SCNet/肯尼亚/Nyashinski - Malaika (Official Music Video) [CaQKtZQCLBY]m4a/acc.wav,/private/users/baowenxin/compare/malaika_27_35/SCNet_acc.wav
malaika_27_35,streaming_Apollo,vocals,27.0,35.0,/private/users/baowenxin/流式/transsion_outputs/streaming_Apollo/肯尼亚/Nyashinski - Malaika (Official Music Video) [CaQKtZQCLBY]m4a/vocals.wav,/private/users/baowenxin/compare/malaika_27_35/streaming_Apollo_vocals.wav
malaika_27_35,streaming_Apollo,acc,27.0,35.0,/private/users/baowenxin/流式/transsion_outputs/streaming_Apollo/肯尼亚/Nyashinski - Malaika (Official Music Video) [CaQKtZQCLBY]m4a/acc.wav,/private/users/baowenxin/compare/malaika_27_35/streaming_Apollo_acc.wav
malaika_27_35,streaming_BandIt_BSRNN,vocals,27.0,35.0,/private/users/baowenxin/流式/transsion_outputs/streaming_BandIt_BSRNN/肯尼亚/Nyashinski - Malaika (Official Music Video) [CaQKtZQCLBY]m4a/vocals.wav,/private/users/baowenxin/compare/malaika_27_35/streaming_BandIt_BSRNN_vocals.wav
malaika_27_35,streaming_BandIt_BSRNN,acc,27.0,35.0,/private/users/baowenxin/流式/transsion_outputs/streaming_BandIt_BSRNN/肯尼亚/Nyashinski - Malaika (Official Music Video) [CaQKtZQCLBY]m4a/acc.wav,/private/users/baowenxin/compare/malaika_27_35/streaming_BandIt_BSRNN_acc.wav
malaika_27_35,streaming_demucs,vocals,27.0,35.0,/private/users/baowenxin/流式/transsion_outputs/streaming_demucs/肯尼亚/Nyashinski - Malaika (Official Music Video) [CaQKtZQCLBY]m4a/vocals.wav,/private/users/baowenxin/compare/malaika_27_35/streaming_demucs_vocals.wav
malaika_27_35,streaming_demucs,acc,27.0,35.0,/private/users/baowenxin/流式/transsion_outputs/streaming_demucs/肯尼亚/Nyashinski - Malaika (Official Music Video) [CaQKtZQCLBY]m4a/acc.wav,/private/users/baowenxin/compare/malaika_27_35/streaming_demucs_acc.wav
malaika_27_35,streaming_DTTNet,vocals,27.0,35.0,/private/users/baowenxin/流式/transsion_outputs/streaming_DTTNet/肯尼亚/Nyashinski - Malaika (Official Music Video) [CaQKtZQCLBY]m4a/vocals.wav,/private/users/baowenxin/compare/malaika_27_35/streaming_DTTNet_vocals.wav
malaika_27_35,streaming_DTTNet,acc,27.0,35.0,/private/users/baowenxin/流式/transsion_outputs/streaming_DTTNet/肯尼亚/Nyashinski - Malaika (Official Music Video) [CaQKtZQCLBY]m4a/acc.wav,/private/users/baowenxin/compare/malaika_27_35/streaming_DTTNet_acc.wav
malaika_27_35,streaming_MDX23C_TFC_TDF_UNet,vocals,27.0,35.0,/private/users/baowenxin/流式/transsion_outputs/streaming_MDX23C_TFC_TDF_UNet/肯尼亚/Nyashinski - Malaika (Official Music Video) [CaQKtZQCLBY]m4a/vocals.wav,/private/users/baowenxin/compare/malaika_27_35/streaming_MDX23C_TFC_TDF_UNet_vocals.wav
malaika_27_35,streaming_MDX23C_TFC_TDF_UNet,acc,27.0,35.0,/private/users/baowenxin/流式/transsion_outputs/streaming_MDX23C_TFC_TDF_UNet/肯尼亚/Nyashinski - Malaika (Official Music Video) [CaQKtZQCLBY]m4a/acc.wav,/private/users/baowenxin/compare/malaika_27_35/streaming_MDX23C_TFC_TDF_UNet_acc.wav
malaika_27_35,streaming_SCNet,vocals,27.0,35.0,/private/users/baowenxin/流式/transsion_outputs/streaming_SCNet/肯尼亚/Nyashinski - Malaika (Official Music Video) [CaQKtZQCLBY]m4a/vocals.wav,/private/users/baowenxin/compare/malaika_27_35/streaming_SCNet_vocals.wav
malaika_27_35,streaming_SCNet,acc,27.0,35.0,/private/users/baowenxin/流式/transsion_outputs/streaming_SCNet/肯尼亚/Nyashinski - Malaika (Official Music Video) [CaQKtZQCLBY]m4a/acc.wav,/private/users/baowenxin/compare/malaika_27_35/streaming_SCNet_acc.wav
